{"cameraMode":{"drawMode":0,"name":"Shaded","section":"Shading Mode"},"sceneLighting":true,"audioPlay":false,"sceneViewState":{"m_AlwaysRefresh":false,"showFog":true,"showSkybox":true,"showFlares":true,"showImageEffects":true,"showParticleSystems":true,"showVisualEffectGraphs":true,"m_FxEnabled":true},"in2DMode":false,"pivot":{"x":0.6509990096092224,"y":2.2499499320983888,"z":-3.2828116416931154},"rotation":{"x":0.2851894795894623,"y":0.6037799119949341,"z":-0.24560625851154328,"w":0.7029880285263062},"size":1.7660253047943116,"orthographic":false}