{"cameraMode":{"drawMode":0,"name":"Shaded","section":"Shading Mode"},"sceneLighting":true,"audioPlay":false,"sceneViewState":{"m_AlwaysRefresh":false,"showFog":true,"showSkybox":true,"showFlares":true,"showImageEffects":true,"showParticleSystems":true,"showVisualEffectGraphs":true,"m_FxEnabled":true},"in2DMode":false,"pivot":{"x":0.7677279710769653,"y":3.2094669342041017,"z":-3.219182014465332},"rotation":{"x":0.07709351181983948,"y":-0.9152160882949829,"z":0.33541005849838259,"w":0.2100130319595337},"size":3.964635133743286,"orthographic":false}