{"cameraMode":{"drawMode":0,"name":"Shaded","section":"Shading Mode"},"sceneLighting":false,"audioPlay":false,"sceneViewState":{"m_AlwaysRefresh":false,"showFog":true,"showSkybox":false,"showFlares":true,"showImageEffects":true,"showParticleSystems":true,"showVisualEffectGraphs":true,"m_FxEnabled":true},"in2DMode":false,"pivot":{"x":0.28885114192962649,"y":6.786406993865967,"z":1.9858046770095826},"rotation":{"x":0.312113881111145,"y":0.42148858308792117,"z":-0.15792976319789887,"w":0.8368313908576965},"size":0.000017320508050033823,"orthographic":false}